INSERT INTO "competition" ("id", "name", "id_location", "year", "importance") VALUES
(1,	'Poland Championship',	1,	'2015-01-01',	10),
(2,	'Poland Championship',	2,	'2016-01-01',	10),
(3,	'Poland Championship',	3,	'2017-01-01',	10),
(4,	'Poland Championship',	4,	'2018-01-01',	10),
(6,	'Poland Futball round',	6,	'2016-01-23',	3),
(7,	'Skip',	7,	'2015-05-03',	1),
(8,	'Skip',	8,	'2016-08-05',	1),
(9,	'FS master',	9,	'2018-03-11',	8),
(10,	'Skip',	3,	'2015-08-11',	2),
(5,	'Katowice Round',	3,	'2017-08-11',	5);



INSERT INTO "location" ("id", "name") VALUES
(1,	'Kraków'),
(2,	'Warszawa'),
(3,	'Lublin'),
(4,	'Opole'),
(5,	'Katowice'),
(6,	'Praga'),
(7,	'Nowy Sącz'),
(8,	'Zakopane'),
(9,	'Wałbrzych'),
(10,	'Mielno');



INSERT INTO "player" ("id", "first_name", "last_name", "nick", "nationality", "photo", "birth_date", "point") VALUES
(1,	'Adam',	'Nowak',	'AN',	'POL',	'an.png',	1998,	130),
(2,	'Krzysztof',	'Kosecki',	'Tay',	'POL',	'tay.png',	1996,	3213),
(3,	'Damian',	'Kowalski',	'Dan',	'POL',	'dan.png',	1989,	213),
(4,	'Patryk',	'Wojciechowski',	'Wojo',	'POL',	'wojo.png',	1994,	32),
(5,	'Waldek',	'Jochymek',	'john',	'POL',	'john.png',	1993,	343),
(6,	'Alexander',	'Lewandowsky',	'Lefy',	'USA',	'lefy.png',	1990,	42),
(7,	'Dominik',	'Kosowski',	'kosa',	'POL',	'kosa.png',	1999,	25),
(8,	'Sławomir',	'Mączka',	'maku',	'POL',	'maku.png',	1988,	322),
(9,	'Andy',	'Pamler',	'palma',	'ROU',	'palma.png',	1995,	123);



INSERT INTO "score" ("id_player", "id_competition", "score", "place") VALUES
(1,	1,	100,	1),
(2,	2,	99,	1),
(2,	1,	90,	2),
(3,	1,	80,	3),
(4,	1,	70,	4),
(5,	1,	60,	5),
(6,	1,	50,	6),
(7,	1,	40,	7),
(8,	1,	30,	8),
(9,	1,	20,	9),
(1,	2,	90,	2),
(1,	3,	50,	5),
(2,	3,	99,	1);



INSERT INTO "social_media" ("id_player", "facebook", "instagram", "youtube") VALUES
(1,	'https://www.facebook.com/',	'https://www.instagram.com/',	'https://www.youtube.com/'),
(2,	'https://www.facebook.com/',	'https://www.instagram.com/',	'https://www.youtube.com/'),
(3,	'https://www.facebook.com/',	'https://www.instagram.com/',	'https://www.youtube.com/'),
(4,	'https://www.facebook.com/',	'https://www.instagram.com/',	'https://www.youtube.com/'),
(5,	'https://www.facebook.com/',	'https://www.instagram.com/',	'https://www.youtube.com/'),
(6,	'https://www.facebook.com/',	'https://www.instagram.com/',	'https://www.youtube.com/'),
(7,	'https://www.facebook.com/',	'https://www.instagram.com/',	'https://www.youtube.com/'),
(8,	'https://www.facebook.com/',	'https://www.instagram.com/',	'https://www.youtube.com/'),
(9,	'https://www.facebook.com/',	'https://www.instagram.com/',	'https://www.youtube.com/');



INSERT INTO "user" ("id", "first_name", "last_name", "mail", "privilage", "password") VALUES
(1,	'admin',	'admin',	'admin@fsranking.com',	'all',	'7ef6156c32f427d713144f67e2ef14d2');

